ID	Title	Definition	SemanticClass	URL
5178009	a anam a imirt	A bheatha a chur i gcontúirt, i mbaol.	Leathnath	https://www.gaois.ie/ga/idioms/5178009/
4689564	a cheart féin a thabhairt	A bhfuil dlite do dhuine a thabhairt.	Fíornath	https://www.gaois.ie/ga/idioms/4689564/
4652689	a cheithre chnámh	Neart fisiciúil; láidreacht an duine.	Fíornath	https://www.gaois.ie/ga/idioms/4652689/
4818337	a chroí agus a ae a chur 	Scanradh, an-fhaitíos a bheith ar dhuine.	Fíornath	https://www.gaois.ie/ga/idioms/4818337/
4585472	a chroí ina chloch agus a	Ceann duine curtha ar strae mar gheall ar dhobrón; meascán mearaí ar dhuine.	Fíornath	https://www.gaois.ie/ga/idioms/4585472/
4689093	a chuid agus a chlú	Dea-cháil, dea-ainm an duine.	Nath fáthchiallach	https://www.gaois.ie/ga/idioms/4689093/
4687848	a chuid allais	Obair chrua.	Nath fáthchiallach	https://www.gaois.ie/ga/idioms/4687848/
5078873	a chuid fola agus feola	Muintir, gaolta an duine.	Nath fáthchiallach	https://www.gaois.ie/ga/idioms/5078873/
4652663	a chuid fola ar	Bheith freagrach as bás duine.	Nath fáthchiallach	https://www.gaois.ie/ga/idioms/4652663/
4628968	a dhá dhóthain ar	Ualach trom; saothar thar mar ba ghá.	Nath fáthchiallach	https://www.gaois.ie/ga/idioms/4628968/
4668568	a dhá shúil a chur ar cip	Iarracht mhírathúil ar rud a dhéanamh.	Fíornath	https://www.gaois.ie/ga/idioms/4668568/
4630308	a mhéar ina bhéal	An-díomá ar dhuine; go dubhach díomách.	Fíornath	https://www.gaois.ie/ga/idioms/4630308/
4585553	a phort seinnte	Deireadh leis; a ré rite.	Nath fáthchiallach	https://www.gaois.ie/ga/idioms/4585553/
4683417	aer an tsaoil	(Ar thóir) pléisiúir agus gnéithe neamhfhuaimintiúla an tsaoil.	Nath fáthchiallach	https://www.gaois.ie/ga/idioms/4683417/
4744050	ag baint codladh na hoích	Ag déanamh imní nó buartha do dhuine.	Nath fáthchiallach	https://www.gaois.ie/ga/idioms/4744050/
4585532	ag briseadh a chroí 1	Áibhéil chun treise an mhothúcháin a léiriú.	Nath fáthchiallach	https://www.gaois.ie/ga/idioms/4585532/
5081498	ag briseadh a chroí 2	Tréaniarracht, a sheacht ndícheall a dhéanamh.	Nath fáthchiallach	https://www.gaois.ie/ga/idioms/5081498/
4631115	ag briseadh a gcos	Ag déanamh tréaniarrachta.	Nath fáthchiallach	https://www.gaois.ie/ga/idioms/4631115/
4683557	ag cáitheadh diairmíní	Ag eascaine go tiubh.	Fíornath	https://www.gaois.ie/ga/idioms/4683557/
4924007	ag cáitheadh mionnaí móra	Ag eascaine go tiubh.	Fíornath	https://www.gaois.ie/ga/idioms/4924007/
4627985	ag crith ina chraiceann	Scanradh nó an-fhaitíos a bheith ar dhuine.	Nath fáthchiallach	https://www.gaois.ie/ga/idioms/4627985/
4585465	ag cur agus ag cúiteamh	Ag plé; ag cur trí chéile.	Fíornath	https://www.gaois.ie/ga/idioms/4585465/
4628165	ag cur an anama amach	Áibhéil chun treise fhisiciúil nó mhothálach a léiriú.	Nath fáthchiallach	https://www.gaois.ie/ga/idioms/4628165/
4591550	ag cur na súl trí	Ag stánadh go géar ar dhuine nó ar rud.	Nath fáthchiallach	https://www.gaois.ie/ga/idioms/4591550/
4629743	ag cur trí chéile	Ábhar a chíoradh nó a phlé go mion.	Nath fáthchiallach	https://www.gaois.ie/ga/idioms/4629743/
5085243	ag déanamh a chroídhíchil	Tréaniarracht a dhéanamh.	Leathnath	https://www.gaois.ie/ga/idioms/5085243/
4585557	ag dul sa mhuileann ar	Rud a bhíonn ag éirí casta nó doiléir.	Fíornath	https://www.gaois.ie/ga/idioms/4585557/
4672122	ag fáil na pingine	Ag fáil luach saothair.	Leathnath	https://www.gaois.ie/ga/idioms/4672122/
4818328	ag fuadach an scéil ar a 	Ag insint an scéil ar a shlí féin.	Fíornath	https://www.gaois.ie/ga/idioms/4818328/
4819877	ag fulaingt na croise	Ag glacadh le hualach, le deacracht nó le trioblóid.	Nath fáthchiallach	https://www.gaois.ie/ga/idioms/4819877/
4628144	ag iarraidh cuimilt leis 	Ag imeacht leis an ádh, ag iarraidh an mí-ádh a sheachaint.	Leathnath	https://www.gaois.ie/ga/idioms/4628144/
4652602	ag imeacht as a chraicean	Ag éirí tógtha nó corraithe faoi rud.	Nath fáthchiallach	https://www.gaois.ie/ga/idioms/4652602/
4588205	ag imeacht le craobhacha	Ag dul le báiní; bheith ar buile.	Fíornath	https://www.gaois.ie/ga/idioms/4588205/
4661108	ag imeacht le gaoth	Ag dul i léig; ag meath.	Nath fáthchiallach	https://www.gaois.ie/ga/idioms/4661108/
4661103	ag ligean na gaoithe iste	Caint sheafóideach; caint áiféiseach.	Fíornath	https://www.gaois.ie/ga/idioms/4661103/
4585526	ag oibriú as láimh a chéi	Ag oibriú i gcomhar le, i bpáirt le duine nó le daoine eile.	Leathnath	https://www.gaois.ie/ga/idioms/4585526/
5177985	ag rith lena anam	Ag imeacht, ag teitheadh le dithneas.	Nath fáthchiallach	https://www.gaois.ie/ga/idioms/5177985/
4644664	ag sá a dhá ladhar i	Ag baint le gnó nach mbaineann leis.	Nath fáthchiallach	https://www.gaois.ie/ga/idioms/4644664/
5171981	ag séideadh faoi	D'anáil a chur faoi dhuine; duine a ghríosú chun gníomh a dhéanamh.	Nath fáthchiallach	https://www.gaois.ie/ga/idioms/5171981/
4628262	ag stracadh na bpíobán as	I gcochall a chéile; ag iomrascáil le duine.	Nath fáthchiallach	https://www.gaois.ie/ga/idioms/4628262/
4585550	ag tarraingt uisce chun a	Ag tochras ar a cheirtlín féin; ag obair ar son a leasa féin.	Nath fáthchiallach	https://www.gaois.ie/ga/idioms/4585550/
4923247	ag titim ar a chosa le	Lagar a theacht ar dhuine.	Nath fáthchiallach	https://www.gaois.ie/ga/idioms/4923247/
4585516	ag titim i gceann a chos	Titim go talamh.	Nath fáthchiallach	https://www.gaois.ie/ga/idioms/4585516/
4585495	aghaidh bhéil a thabhairt	Íde béil; aghaidh a chraois a thabhairt ar dhuine.	Fíornath	https://www.gaois.ie/ga/idioms/4585495/
4585509	aghaidh na muc agus na ma	Íde béil; aghaidh a chraois a thabhairt ar dhuine.	Fíornath	https://www.gaois.ie/ga/idioms/4585509/
4587627	ainm in airde	(Duine a bhíonn) i mbéal an phobail; duine iomráiteach.	Leathnath	https://www.gaois.ie/ga/idioms/4587627/
4628611	airgead fola	Airgead a íocann na húdaráis, nó duine eile, mar chúiteamh leis an té a ghabhann coirpeach nó duine ar a theitheadh ó fhórsaí an dlí.	Leathnath	https://www.gaois.ie/ga/idioms/4628611/
4585545	allas an bháis	Cuma mhíshláintiúil ar dhuine; scanradh anama air.	Nath fáthchiallach	https://www.gaois.ie/ga/idioms/4585545/
4628420	allas na ngéag	Obair fhisiciúil, diansaothar.	Nath fáthchiallach	https://www.gaois.ie/ga/idioms/4628420/
4660211	am marbh na hoíche	Ceartlár na hoíche.	Leathnath	https://www.gaois.ie/ga/idioms/4660211/
4947772	amhaoíl amháige	Gan fáth gan ábhar; as a stuaim féin.	Neamhfhocal sa nath	https://www.gaois.ie/ga/idioms/4947772/
4591677	an anáil a bhaint de	A bheith fágtha gan focal; balbhán a dhéanamh de dhuine.	Leathnath	https://www.gaois.ie/ga/idioms/4591677/
4689584	an beag a chur ina mhór 	An dallach dubh, an dallamullóg a chur ar dhuine.	Nath fáthchiallach	https://www.gaois.ie/ga/idioms/4689584/
4662376	an cam a chur ina dhíreac	An dallach dubh, an dallamullóg a chur ar dhuine.	Nath fáthchiallach	https://www.gaois.ie/ga/idioms/4662376/
4586708	an ceann is measa den scé	An chuid nó an taobh is measa den scéal; díogha ruda.	Leathnath	https://www.gaois.ie/ga/idioms/4586708/
4588207	an chraobh a bheith ag	An gradam is airde; an bua a bhreith leis.	Nath fáthchiallach	https://www.gaois.ie/ga/idioms/4588207/
4744563	an chú is an cat is an gi	An áit ina chíor thuathail; an phraiseach ar fud na mias; an scéal go léir scaoilte amach.	Fíornath	https://www.gaois.ie/ga/idioms/4744563/
4585480	an dá lá agus an fhaid a 	Tréimhse fhada; go deo na ndeor.	Fíornath	https://www.gaois.ie/ga/idioms/4585480/
4629599	an dá thrá ag teacht le	Dílseacht a athrú de réir na gcúinsí.	Nath fáthchiallach	https://www.gaois.ie/ga/idioms/4629599/
4631042	an diabhal buí	Bheith i bhfeirg le duine nó le rud.	Nath fáthchiallach	https://www.gaois.ie/ga/idioms/4631042/
4592653	an domhan mór braonach	An saol mór fairsing.	Leathnath	https://www.gaois.ie/ga/idioms/4592653/
4668566	an donas thiar	Drochscéal; an donas dearg.	Leathnath	https://www.gaois.ie/ga/idioms/4668566/
4585561	an dubh a chur ina gheal 	An dallach dubh, an dallamullóg a chur ar dhuine.	Nath fáthchiallach	https://www.gaois.ie/ga/idioms/4585561/
4922764	an dúradán i súil duine	Locht i nduine eile a thabhairt faoi deara ach gan an locht céanna ionat féin a aithint.	Nath fáthchiallach	https://www.gaois.ie/ga/idioms/4922764/
4660316	an focal deireanach	Focal scoir; an rud deiridh a deirtear i gcomhrá nó in argóint.	Nath fáthchiallach	https://www.gaois.ie/ga/idioms/4660316/
4585519	an lámh uachtair	An ceann is fearr a fháil ar dhuine.	Nath fáthchiallach	https://www.gaois.ie/ga/idioms/4585519/
4585467	an leabhar a thabhairt	A bheith lánchinnte; dearbhú.	Fíornath	https://www.gaois.ie/ga/idioms/4585467/
5082576	an leaca eile a iompú	Neamhaird a thabhairt ar mhaslaí; gan díoltas a bhaint amach.	Leathnath	https://www.gaois.ie/ga/idioms/5082576/
4628579	an lug ar an lag a th	Lagmhisneach; éadóchas.	Fíornath	https://www.gaois.ie/ga/idioms/4628579/
4585468	an mac mallachta ar	Aimsir an-fhuar.	Nath fáthchiallach	https://www.gaois.ie/ga/idioms/4585468/
5162666	an mór is fiú	Mórtas; éirí in airde.	Nath fáthchiallach	https://www.gaois.ie/ga/idioms/5162666/
4672135	an phingin rua	Aon airgead, airgead beag.	Nath fáthchiallach	https://www.gaois.ie/ga/idioms/4672135/
4938259	an port céanna ag	An seanscéal céanna; rud a chur i bhfadscéal.	Nath fáthchiallach	https://www.gaois.ie/ga/idioms/4938259/
4585543	an saol mór	Gach uile dhuine; an pobal ar fad.	Leathnath	https://www.gaois.ie/ga/idioms/4585543/
4707923	an seanscéal i gcónaí	Scéal nó iompar mar is dual; scéal fadálach atá cloiste cheana.	Nath fáthchiallach	https://www.gaois.ie/ga/idioms/4707923/
5172005	an t-aer agus an talamh a	Cúinsí tromchúiseacha.	Nath fáthchiallach	https://www.gaois.ie/ga/idioms/5172005/
4659183	an t-anam a bhaint as	Duine a mharú; áibhéil chun treise an mhothúcháin a léiriú.	Nath fáthchiallach	https://www.gaois.ie/ga/idioms/4659183/
4585541	an t-anam tur te a thit	Áibhéil chun treise an mhothúcháin a léiriú.	Nath fáthchiallach	https://www.gaois.ie/ga/idioms/4585541/
4922755	an tsail i súil duine	Locht i nduine eile a aithint ach gan an locht céanna ionat féin a thabhairt faoi deara.	Nath fáthchiallach	https://www.gaois.ie/ga/idioms/4922755/
4743548	an tseamróg a bheith ag	An chraobh; dea-thoradh.	Fíornath	https://www.gaois.ie/ga/idioms/4743548/
4660678	an tsrathair a chur ar an	An milleán a chur ar an duine ceart.	Fíornath	https://www.gaois.ie/ga/idioms/4660678/
4689421	anáil a tharraingt	Bás a fháil.	Nath fáthchiallach	https://www.gaois.ie/ga/idioms/4689421/
4689410	anáil fhónta a chur faoi	Dea-thionchar ag duine ar dhuine eile.	Leathnath	https://www.gaois.ie/ga/idioms/4689410/
4687908	anonn agus anall 1	Cor, casadh a chur i scéal, in insint.	Nath fáthchiallach	https://www.gaois.ie/ga/idioms/4687908/
5162352	anonn agus anall 2	I ngach treo; go fánach.	Nath fáthchiallach	https://www.gaois.ie/ga/idioms/5162352/
4585462	aon duine beo	Aon duine in aon chor.	Leathnath	https://www.gaois.ie/ga/idioms/4585462/
4585496	ar a bhéal agus ar a agha	Tite éadan le talamh, béal faoi.	Nath fáthchiallach	https://www.gaois.ie/ga/idioms/4585496/
4630051	ar bhiorán buí	Rud a dhéantar gan mórán gríosú.	Fíornath	https://www.gaois.ie/ga/idioms/4630051/
4662426	ar bhóthar na fírinne	Duine a threorú i dtreo a leasa.	Leathnath	https://www.gaois.ie/ga/idioms/4662426/
4662351	ar bogmheisce	Leath ar meisce.	Leathnath	https://www.gaois.ie/ga/idioms/4662351/
5084785	ar chúl cinn	Ar ais nó ar éigean.	Nath fáthchiallach	https://www.gaois.ie/ga/idioms/5084785/
4591587	ar cosa in airde	Ar luas lasrach.	Nath fáthchiallach	https://www.gaois.ie/ga/idioms/4591587/
4585506	ar deargbhuile	Bheith ar mire; an-fhearg a bheith ar dhuine.	Leathnath	https://www.gaois.ie/ga/idioms/4585506/
4585547	ar do bhás	Ag impí go láidir ar dhuine gan rud a dhéanamh.	Nath fáthchiallach	https://www.gaois.ie/ga/idioms/4585547/
4628007	ar domhan ar thalamh an 	In aon chor; dá laghad.	Nath fáthchiallach	https://www.gaois.ie/ga/idioms/4628007/
4585477	ar fud na hÉireann	Gach uile áit; timpeall na tíre ar fad.	Leathnath	https://www.gaois.ie/ga/idioms/4585477/
4644285	ar iompáil na boise	Láithreach bonn baill.	Nath fáthchiallach	https://www.gaois.ie/ga/idioms/4644285/
4585524	ar láimh shábhála	Rud a chur in áit shábháilte, slán ó chontúirt.	Leathnath	https://www.gaois.ie/ga/idioms/4585524/
4922850	ar leagadh na súl	Láithreach bonn; ar an toirt.	Nath fáthchiallach	https://www.gaois.ie/ga/idioms/4922850/
4628277	ar muin mairc a chéile	Gach uile rud ar dhroim a chéile, i mullach a chéile.	Fíornath	https://www.gaois.ie/ga/idioms/4628277/
4628741	ar muin na muice	(Duine a bhíonn) an-sásta; ar a sháimhín só.	Fíornath	https://www.gaois.ie/ga/idioms/4628741/
4585528	ar nóiméad na boise	Láithreach bonn; ar an toirt.	Nath fáthchiallach	https://www.gaois.ie/ga/idioms/4585528/
4661109	ar nós na gaoithe	Ar luas lasrach.	Nath fáthchiallach	https://www.gaois.ie/ga/idioms/4661109/
4585469	ar ór na cruinne	Rud nach ndéanfar riamh; rud nach féidir a chur ina luí ar dhuine é a dhéanamh.	Nath fáthchiallach	https://www.gaois.ie/ga/idioms/4585469/
4658723	ar shála	Díreach i ndiaidh a chéile.	Nath fáthchiallach	https://www.gaois.ie/ga/idioms/4658723/
4683186	ar shlí na fírinne	Marbh.	Nath fáthchiallach	https://www.gaois.ie/ga/idioms/4683186/
4628913	ar thalamh ná in ifreann	In aon áit.	Nath fáthchiallach	https://www.gaois.ie/ga/idioms/4628913/
4585475	ar thalamh tirim na hÉi	Áit ar bith.	Leathnath	https://www.gaois.ie/ga/idioms/4585475/
4947723	athair agus máthair	Foinse nó bunús ruda.	Nath fáthchiallach	https://www.gaois.ie/ga/idioms/4947723/
4585456	áthas an domhain	Ríméad; gliondar croí.	Leathnath	https://www.gaois.ie/ga/idioms/4585456/
4588126	Baile Átha Cliath a fhágá	Duine a fhágáil san abar.	Fíornath	https://www.gaois.ie/ga/idioms/4588126/
4585525	banlámh den fhírinne	Blas na fírinne ar an scéal.	Leathnath	https://www.gaois.ie/ga/idioms/4585525/
4652911	barr a theanga	Ag iarraidh, ar tí rud a rá.	Nath fáthchiallach	https://www.gaois.ie/ga/idioms/4652911/
4643473	barr méire a chur ar	Gan teagmháil ar bith a dhéanamh le rud nó le duine.	Nath fáthchiallach	https://www.gaois.ie/ga/idioms/4643473/
4630323	béal gan scoth	Béal scaoilte ag duine.	Fíornath	https://www.gaois.ie/ga/idioms/4630323/
4585571	beo bocht	Gan mórán airgid; ar an anás.	Leathnath	https://www.gaois.ie/ga/idioms/4585571/
4628541	bior ar a chluais	Éisteacht ghéar a dhéanamh.	Leathnath	https://www.gaois.ie/ga/idioms/4628541/
4585507	bior ar a shúile	Féachaint fheargach; bheith ag faire go dlúth.	Leathnath	https://www.gaois.ie/ga/idioms/4585507/
5151584	bior leá	Gné dealaithe, dínasctha, scartha.	Nath fáthchiallach	https://www.gaois.ie/ga/idioms/5151584/
4743496	blas ná cuma ná cruth	Rud intuigthe, nach féidir ciall a bhaint as.	Nath fáthchiallach	https://www.gaois.ie/ga/idioms/4743496/
4585485	bob a bhualadh ar	Cleas a imirt ar dhuine.	Fíornath	https://www.gaois.ie/ga/idioms/4585485/
4630650	bodhaire Uí Laoghaire	Ag ligean air go bhfuil sé bodhar.	Leathnath	https://www.gaois.ie/ga/idioms/4630650/
4585463	braon fónta a bheith i	Mianach maith.	Nath fáthchiallach	https://www.gaois.ie/ga/idioms/4585463/
4728039	brille bhreaille	Caint gan chiall; ráflaí gáirsiúla.	Neamhfhocal sa nath	https://www.gaois.ie/ga/idioms/4728039/
4631065	buí nó breac	Bíodh aige; ar a rogha slí.	Fíornath	https://www.gaois.ie/ga/idioms/4631065/
4629036	buille faoi thuairim	Crann tomhais.	Nath fáthchiallach	https://www.gaois.ie/ga/idioms/4629036/
4585511	bulla báisín	Meadhrán i gceann duine; gluaiseacht rothlach.	Fíornath	https://www.gaois.ie/ga/idioms/4585511/
4630270	bulla dall a dhéanamh de	Meascán mearaí; duine a chur amú.	Fíornath	https://www.gaois.ie/ga/idioms/4630270/
4585567	bun agus barr	Croílár ruda.	Nath fáthchiallach	https://www.gaois.ie/ga/idioms/4585567/
4627734	cá luíonn an bhróg ar	Deacrachtaí, trioblóidí an duine féin (nach dtuigeann an duine eile).	Fíornath	https://www.gaois.ie/ga/idioms/4627734/
4662059	caoch ar meisce	An-iomad ólta; ar deargmheisce.	Leathnath	https://www.gaois.ie/ga/idioms/4662059/
4672256	caora i measc faolchon	Dainséar, baol os comhair an duine.	Nath fáthchiallach	https://www.gaois.ie/ga/idioms/4672256/
4585568	carbhat caol a chur ar	Duine a theanntú, a chur i sáinn cheart. Gad a chur ar dhuine.	Fíornath	https://www.gaois.ie/ga/idioms/4585568/
4658848	casadh ar a sháil	Athrú intinne; cúl a thabhairt do rud.	Nath fáthchiallach	https://www.gaois.ie/ga/idioms/4658848/
4585501	cead a chinn	Saoirse gníomhaíochta; ligean do duine a rogha rud a dhéanamh.	Leathnath	https://www.gaois.ie/ga/idioms/4585501/
4585517	cead a chos	Ligean do dhuine imeacht agus a rogha bealach a dhéanamh.	Leathnath	https://www.gaois.ie/ga/idioms/4585517/
4652910	cead a theanga	Ligean do dhuine a rogha rud a rá; deis cainte.	Leathnath	https://www.gaois.ie/ga/idioms/4652910/
4629961	ceangal na gcúig gcaol	Ceangal daingean docht a chur ar dhuine (go fisiciúil nó go meafarach).	Nath fáthchiallach	https://www.gaois.ie/ga/idioms/4629961/
4586716	ceann a bhaint den scéal	Tús a chur le scéal iomlán a insint; fírinne an scéil a nochtadh.	Leathnath	https://www.gaois.ie/ga/idioms/4586716/
4630722	ceann cipín	Amadán; duine dúr.	Nath fáthchiallach	https://www.gaois.ie/ga/idioms/4630722/
4947141	ceann faoi ar	Ísle brí, díomá ar dhuine.	Nath fáthchiallach	https://www.gaois.ie/ga/idioms/4947141/
4667905	ceithre hairde an domhain	I gcéin agus i gcóngar.	Fíornath	https://www.gaois.ie/ga/idioms/4667905/
4592642	ceithre shaol duine a fhá	Saol fada; duine a mhairfidh an-chríonna.	Fíornath	https://www.gaois.ie/ga/idioms/4592642/
4585466	ceo a thógáil dá chroí	Croí, meanma an duine a ardú.	Nath fáthchiallach	https://www.gaois.ie/ga/idioms/4585466/
4818354	ceo ar radharc a aigne	Intinn chorrach; tuiscint mhaol.	Nath fáthchiallach	https://www.gaois.ie/ga/idioms/4818354/
4588240	ceol a bhaint as	Pléisiúr agus siamsaíocht.	Nath fáthchiallach	https://www.gaois.ie/ga/idioms/4588240/
5093498	chomh beag dath le	Easpa dealraimh idir dhá rud.	Nath fáthchiallach	https://www.gaois.ie/ga/idioms/5093498/
4668192	ciall cheannaigh	Críonnacht tar éis an bhirt.	Leathnath	https://www.gaois.ie/ga/idioms/4668192/
4628023	cleití a bhaint	Leagadh a bhaint as duine; béim síos a thabhairt do dhuine.	Nath fáthchiallach	https://www.gaois.ie/ga/idioms/4628023/
4585490	cloch a bhaint as a chlia	Dobrón; croí trom.	Nath fáthchiallach	https://www.gaois.ie/ga/idioms/4585490/
4751698	clocha ceangailte agus ma	Baol ann agus gan aon rud chun cosc a chur leis.	Fíornath	https://www.gaois.ie/ga/idioms/4751698/
4585457	cluas a bhaint de	Ráiteas áibhéile chun an fhírinne a chur in iúl.	Nath fáthchiallach	https://www.gaois.ie/ga/idioms/4585457/
4857424	cluas a thabhairt do	Éisteacht; aird a thabhairt ar dhuine.	Nath fáthchiallach	https://www.gaois.ie/ga/idioms/4857424/
4630647	cluas bhodhar	Neamhaird a thabhairt ar dhuine.	Nath fáthchiallach	https://www.gaois.ie/ga/idioms/4630647/
4627947	cluasa ar na claíocha	Ag éisteacht le comhrá faoi choim.	Nath fáthchiallach	https://www.gaois.ie/ga/idioms/4627947/
4585551	cnoc ar	Scéal nach gcreidtear; mí-adh a tharraingt ar dhuine.	Fíornath	https://www.gaois.ie/ga/idioms/4585551/
4668572	codladh an tsicín sa char	Codladh fada sámh.	Fíornath	https://www.gaois.ie/ga/idioms/4668572/
4585537	codladh grifín	Ball den cholainn gan mhothú.	Neamhfhocal sa nath	https://www.gaois.ie/ga/idioms/4585537/
4930237	cogadh dearg	Troid fhíochmhar.	Nath fáthchiallach	https://www.gaois.ie/ga/idioms/4930237/
4689394	cogar mogar	Scéal scéil; ráfla.	Neamhfhocal sa nath	https://www.gaois.ie/ga/idioms/4689394/
5136355	coimeádaí ar a dheartháir	Freagrach as gníomhartha duine eile.	Nath fáthchiallach	https://www.gaois.ie/ga/idioms/5136355/
4585505	coinneal ina shúile	Bheith an-chrosta, ar mire.	Leathnath	https://www.gaois.ie/ga/idioms/4585505/
4587845	cóir cam díreach	Láithreach bonn; ceann ar aghaidh.	Fíornath	https://www.gaois.ie/ga/idioms/4587845/
4744542	Conchubhar mór sa chúinne	Easpa mhór; ganntanas bia.	Fíornath	https://www.gaois.ie/ga/idioms/4744542/
4627977	cor in aghaidh an chaim a	Slat dá thomhas féin a thabhairt.	Fíornath	https://www.gaois.ie/ga/idioms/4627977/
4659604	corp na fírinne	An fhírinne ghlan.	Leathnath	https://www.gaois.ie/ga/idioms/4659604/
4659761	corplár an oilc	I lár an oilc.	Leathnath	https://www.gaois.ie/ga/idioms/4659761/
4744765	cos a chur i dtalamh	Seasamh go diongbháilte.	Nath fáthchiallach	https://www.gaois.ie/ga/idioms/4744765/
4631149	cos ar bolg	Ansmacht.	Fíornath	https://www.gaois.ie/ga/idioms/4631149/
4743594	cosa a bhaint ó	Bonn a bhaint de rud.	Nath fáthchiallach	https://www.gaois.ie/ga/idioms/4743594/
4744618	cosaint an bhroic a dhéan	Duine cosantach; bheith ar a chosaint.	Nath fáthchiallach	https://www.gaois.ie/ga/idioms/4744618/
4627960	craiceann na caorach	Duine a ligean air gur duine cineálta é ach bíonn rún mioscaise aige.	Nath fáthchiallach	https://www.gaois.ie/ga/idioms/4627960/
4627924	Críostaí an Luain	Duine ar bith; duine ná deoraí ann.	Fíornath	https://www.gaois.ie/ga/idioms/4627924/
4627754	crith cos agus lámh	Scanradh nó an-fhaitíos.	Nath fáthchiallach	https://www.gaois.ie/ga/idioms/4627754/
4659142	croí a chur i	An-iarracht; seacht ndícheall a dhéanamh.	Nath fáthchiallach	https://www.gaois.ie/ga/idioms/4659142/
4628062	croí briste	An-bhrón, an-díomá ar dhuine.	Nath fáthchiallach	https://www.gaois.ie/ga/idioms/4628062/
4660793	croí crua	Seirgthe gan trua ná grá aige do dhaoine eile.	Leathnath	https://www.gaois.ie/ga/idioms/4660793/
4943720	croí ina spreas	Trína chéile; croí briste.	Nath fáthchiallach	https://www.gaois.ie/ga/idioms/4943720/
4629411	croí leoin	Misneach, diongbháilteacht thar na bearta.	Nath fáthchiallach	https://www.gaois.ie/ga/idioms/4629411/
4644232	cuimilt bhoise	Plámás; pláibistéireacht a dhéanamh chun achainí nó fabhar a fháil.	Fíornath	https://www.gaois.ie/ga/idioms/4644232/
4683577	cúl a thabhairt le	Droim láimhe a thabhairt.	Leathnath	https://www.gaois.ie/ga/idioms/4683577/
4585476	dá bhfaigheadh sé Éire a	Gníomh nach ndéanfar riamh, is cuma cén spreagadh a gheofar.	Fíornath	https://www.gaois.ie/ga/idioms/4585476/
4631102	d'ainneoin a chúlfhiacla	Rud a dhéanamh lomainneoin tola duine.	Leathnath	https://www.gaois.ie/ga/idioms/4631102/
5093932	dath a chur ar	Cur leis an gcuntas; an scéal a mhaisiú.	Leathnath	https://www.gaois.ie/ga/idioms/5093932/
4585546	dath an bháis	Aghaidh bhán mhílítheach.	Nath fáthchiallach	https://www.gaois.ie/ga/idioms/4585546/
4585531	de chroí dáiríre	A bheith an-ionraic faoi rud.	Leathnath	https://www.gaois.ie/ga/idioms/4585531/
4591644	de dhroim	Mar (dhroch)thoradh ar rud.	Nath fáthchiallach	https://www.gaois.ie/ga/idioms/4591644/
4585534	dhá leath a dhéanamh den 	Rud a ghoileann go mór ar dhuine.	Nath fáthchiallach	https://www.gaois.ie/ga/idioms/4585534/
4628207	dhá shreang ar a bhogha	Plean nó beart sa bhreis mar mhalairt cur chuige.	Fíornath	https://www.gaois.ie/ga/idioms/4628207/
4667515	dhá thaobh ar an scéal	Insint eile ar an gcúram.	Leathnath	https://www.gaois.ie/ga/idioms/4667515/
4689372	d'inis bean dom gur inis 	Scéal scéil; comhrá béil.	Nath fáthchiallach	https://www.gaois.ie/ga/idioms/4689372/
5177872	do ghlanmheabhair	Rud a thabhairt chun cuimhne; rud nár ligeadh chun dearmaid.	Nath fáthchiallach	https://www.gaois.ie/ga/idioms/5177872/
4660138	do ló agus d'oíche	Gan stad; an t-am go léir.	Nath fáthchiallach	https://www.gaois.ie/ga/idioms/4660138/
4627771	d'ór agus d'airgead	Thar aon rud eile.	Nath fáthchiallach	https://www.gaois.ie/ga/idioms/4627771/
4628871	dreoilín spóirt	Seó bóthair; ábhar seafóide.	Nath fáthchiallach	https://www.gaois.ie/ga/idioms/4628871/
4689417	drochanáil a chur faoi	Drochthionchar ar dhaoine eile.	Leathnath	https://www.gaois.ie/ga/idioms/4689417/
4585464	drochbhraon a bheith i	Drochthréithe dúchais.	Leathnath	https://www.gaois.ie/ga/idioms/4585464/
4630460	drochshúil a bheith ag	Drochfhéachaint mhallaithe a thabhairt ar dhuine.	Leathnath	https://www.gaois.ie/ga/idioms/4630460/
4642365	droim láimhe a thabhairt 	Cúl a thabhairt le rud; rud a shéanadh.	Nath fáthchiallach	https://www.gaois.ie/ga/idioms/4642365/
4706540	dubh le fearg	An-chrosta; ar mire.	Leathnath	https://www.gaois.ie/ga/idioms/4706540/
4628259	dúil ina chraiceann ag	Ar mire le duine.	Leathnath	https://www.gaois.ie/ga/idioms/4628259/
4585527	duine a bhaint dá bhoin	Leagadh a bhaint as duine.	Nath fáthchiallach	https://www.gaois.ie/ga/idioms/4585527/
4683302	dúirse dáirse	Scéal scéil; ráflaí.	Neamhfhocal sa nath	https://www.gaois.ie/ga/idioms/4683302/
4585512	éadan dána ar	Duine sotalach soibealta.	Nath fáthchiallach	https://www.gaois.ie/ga/idioms/4585512/
4707932	fágaim le huacht	Dearbhú sollúnta.	Fíornath	https://www.gaois.ie/ga/idioms/4707932/
4683604	faobhar a imirt ar	Ag creimeadh; ag díothú.	Fíornath	https://www.gaois.ie/ga/idioms/4683604/
4630482	faobhar ar a shúile	Drochfhéachaint, drochshúil a thabhairt ar dhuine.	Leathnath	https://www.gaois.ie/ga/idioms/4630482/
4629540	faoi chosa	Duine nó pobal a choimeád faoi smacht.	Nath fáthchiallach	https://www.gaois.ie/ga/idioms/4629540/
4631228	faoi chosa daoine agus be	A bheith brúite faoi chois.	Nath fáthchiallach	https://www.gaois.ie/ga/idioms/4631228/
4706174	faoi chré	Marbh; adhlactha.	Nath fáthchiallach	https://www.gaois.ie/ga/idioms/4706174/
4588009	faoi dheireadh thiar thal	I ndeireadh na dála.	Fíornath	https://www.gaois.ie/ga/idioms/4588009/
4629467	faoi láimh	Faoi stiúir.	Nath fáthchiallach	https://www.gaois.ie/ga/idioms/4629467/
4688099	faoi shíneadh méire	Bheith faoi shotal do dhuine; ina hoibín host, ina ghiolla turais ag duine.	Nath fáthchiallach	https://www.gaois.ie/ga/idioms/4688099/
4819290	faoi shúil	Faoi choimirce; faoi stiúir.	Nath fáthchiallach	https://www.gaois.ie/ga/idioms/4819290/
4630755	faoin bhfód	San uaigh (tar éis bháis); caillte curtha.	Nath fáthchiallach	https://www.gaois.ie/ga/idioms/4630755/
4628170	faoina anáil	Os íseal; go ciúin.	Nath fáthchiallach	https://www.gaois.ie/ga/idioms/4628170/
4660261	faoina fhiacla	Monabhar íseal cainte.	Nath fáthchiallach	https://www.gaois.ie/ga/idioms/4660261/
5084203	fiacha fola agus feola	Airgead nó praghas a chur ar bheatha an duine.	Leathnath	https://www.gaois.ie/ga/idioms/5084203/
5136272	filleadh ná feacadh a bha	Rud nach féidir bogadh a baint as.	Nath fáthchiallach	https://www.gaois.ie/ga/idioms/5136272/
4631085	fíor fear a thabhairt	Cothrom na Féinne a thabhairt do dhuine.	Fíornath	https://www.gaois.ie/ga/idioms/4631085/
4938668	fios ag an talamh	Is eol do chách, don saol mór.	Leathnath	https://www.gaois.ie/ga/idioms/4938668/
4683029	fios fáil ná rún ag	Easpa eolais.	Nath fáthchiallach	https://www.gaois.ie/ga/idioms/4683029/
4662613	fios fátha an scéil	Na sonraí uile.	Leathnath	https://www.gaois.ie/ga/idioms/4662613/
5084182	fiuchadh fola	Racht feirge.	Nath fáthchiallach	https://www.gaois.ie/ga/idioms/5084182/
4631089	focal ina phluc	Ina bhéal, mar urlabhra aige.	Leathnath	https://www.gaois.ie/ga/idioms/4631089/
4702087	fód an bháis	An áit a bhfuil sé i ndán do dhuine bás a fháil.	Leathnath	https://www.gaois.ie/ga/idioms/4702087/
4585535	fuil a chorraí	Bíogadh nó spreagadh (chun feirge).	Nath fáthchiallach	https://www.gaois.ie/ga/idioms/4585535/
5078908	fuil a dhoirteadh	Duine a mharú, a ghortú le foréigean.	Nath fáthchiallach	https://www.gaois.ie/ga/idioms/5078908/
4629573	fut fat agus cat is dá 	Míorúiltí, gaiscí móra a dhéanamh.	Fíornath	https://www.gaois.ie/ga/idioms/4629573/
5079421	gabháil de chosa	Rud nó duine a chur faoi chois.	Nath fáthchiallach	https://www.gaois.ie/ga/idioms/5079421/
4744796	gabhar a ghoid	Earraí a ghoid agus é a dhíol do dhuine éigin ar leath an méid is fiú é.	Fíornath	https://www.gaois.ie/ga/idioms/4744796/
4947731	gach aon fhocal ar a fhao	Caint ghéar; teanga bhearrtha.	Fíornath	https://www.gaois.ie/ga/idioms/4947731/
5136317	gach aon ré sholais	Go rialta; moch is déanach.	Fíornath	https://www.gaois.ie/ga/idioms/5136317/
4942281	gaige gan éifeacht	Staigín nó duine gan fuaimint; rud nach mbaintear úsáid as.	Leathnath	https://www.gaois.ie/ga/idioms/4942281/
4627874	gáire Sheáin dóite	Gáire leamh.	Nath fáthchiallach	https://www.gaois.ie/ga/idioms/4627874/
4728052	gal soip	Rud nach maireann i bhfad; rud neamhbhuan.	Nath fáthchiallach	https://www.gaois.ie/ga/idioms/4728052/
4629993	gan a bhéal a bhogadh	Scéal a choimeád faoi rún.	Nath fáthchiallach	https://www.gaois.ie/ga/idioms/4629993/
4630571	gan a chluasa a oscailt l	Duine nach mbíonn ag éisteacht; duine nach mbíonn fonn éisteachta air.	Nath fáthchiallach	https://www.gaois.ie/ga/idioms/4630571/
4592373	gan aithne gan urlabhra	Titim i laige, i bhfanntais; gan aon dé ann.	Nath fáthchiallach	https://www.gaois.ie/ga/idioms/4592373/
4658929	gan anam gan anáil	Ciúin; airdeallach.	Nath fáthchiallach	https://www.gaois.ie/ga/idioms/4658929/
4706948	gan aon chlóic a chur 	Gan lagmhisneach a chur ar dhuine.	Leathnath	https://www.gaois.ie/ga/idioms/4706948/
4591654	gan aon chnámh a fhágái	Brúite, basctha ina chorp.	Nath fáthchiallach	https://www.gaois.ie/ga/idioms/4591654/
4585515	gan aon chos de an áit 	Gan chorraí.	Leathnath	https://www.gaois.ie/ga/idioms/4585515/
4592341	gan aon dá chuid a dhéa	Leathiarracht a dhéanamh.	Leathnath	https://www.gaois.ie/ga/idioms/4592341/
5079250	gan barr méire a chur ch	Gan chuidiú le duine.	Nath fáthchiallach	https://www.gaois.ie/ga/idioms/5079250/
4823645	gan bhun gan bharr	Gan aon chríoch.	Nath fáthchiallach	https://www.gaois.ie/ga/idioms/4823645/
4585500	gan cleith os cionn a chi	Fágtha gan faic, gan díon os comhair a chinn.	Nath fáthchiallach	https://www.gaois.ie/ga/idioms/4585500/
4689831	gan cor ná lúb ina chro	Duine nach bhfuil cleasach nó glic; gan aon tréithe folaithe ann.	Nath fáthchiallach	https://www.gaois.ie/ga/idioms/4689831/
5079852	gan dul orlach i ndiaidh 	Gan dul siar ar ghealltanas.	Nath fáthchiallach	https://www.gaois.ie/ga/idioms/5079852/
4630800	gan ionga ná fiacail a 	Gan cur isteach ar aon duine; gan teagmháil a dhéanamh le haon duine.	Nath fáthchiallach	https://www.gaois.ie/ga/idioms/4630800/
4818284	gan leithead bonn a dhá c	Puinn den talamh.	Nath fáthchiallach	https://www.gaois.ie/ga/idioms/4818284/
4585479	gan poll ná póirse a fhág	Gach uile áit.	Nath fáthchiallach	https://www.gaois.ie/ga/idioms/4585479/
4588152	gan teacht chun baile do	Gan cead cainte.	Nath fáthchiallach	https://www.gaois.ie/ga/idioms/4588152/
4585486	gaoth a bheith i	Caint nó gníomh áibhéile, gan bhunús.	Nath fáthchiallach	https://www.gaois.ie/ga/idioms/4585486/
4585560	gaoth a thabhairt don spa	Airgead a chaitheamh.	Leathnath	https://www.gaois.ie/ga/idioms/4585560/
4660631	gaoth an fhocail	Leid, moladh; is leor nod don eolach.	Nath fáthchiallach	https://www.gaois.ie/ga/idioms/4660631/
4585458	gíog ná míog as	Gan chorraí, gan fothram nó ghleo.	Nath fáthchiallach	https://www.gaois.ie/ga/idioms/4585458/
5079493	giolla um a leithéid	Masla dímheasúil.	Leathnath	https://www.gaois.ie/ga/idioms/5079493/
4629507	gnó an fhir thall	Cúraimí daoine eile.	Leathnath	https://www.gaois.ie/ga/idioms/4629507/
4629020	go bán	Cuma fhiáin ar dhuine; scéin ina shúile.	Nath fáthchiallach	https://www.gaois.ie/ga/idioms/4629020/
4662355	go bog agus go crua ar	Gach iarracht a dhéanamh rud a áitiú ar dhuine.	Nath fáthchiallach	https://www.gaois.ie/ga/idioms/4662355/
4630603	go bun na gcluas	Go hiomlán.	Nath fáthchiallach	https://www.gaois.ie/ga/idioms/4630603/
4652807	go cnámh agus go croí	Go smior.	Nath fáthchiallach	https://www.gaois.ie/ga/idioms/4652807/
4585573	go liath láidir	Go dána; gan eagla.	Nath fáthchiallach	https://www.gaois.ie/ga/idioms/4585573/
4630799	gob le gob	A bheith cothrom le duine nó cóngarach do rud.	Nath fáthchiallach	https://www.gaois.ie/ga/idioms/4630799/
4672169	gobán i mbéal duine	Ceacht foghlamtha.	Nath fáthchiallach	https://www.gaois.ie/ga/idioms/4672169/
4628054	gol an gháire	Gáire a ndíolfar as sa todhchaí.	Leathnath	https://www.gaois.ie/ga/idioms/4628054/
4702088	greim an bháis	Cumhacht an bháis.	Leathnath	https://www.gaois.ie/ga/idioms/4702088/
5078130	greim dúide	Greim docht daingean.	Leathnath	https://www.gaois.ie/ga/idioms/5078130/
4688114	gualainn le gualainn	An fód a sheasamh; tacú le chéile.	Nath fáthchiallach	https://www.gaois.ie/ga/idioms/4688114/
4728040	húm ná hám	Gan fothram; gan drud ná drandal as.	Neamhfhocal sa nath	https://www.gaois.ie/ga/idioms/4728040/
4628265	i gcás idir dhá chomhai	Neamhchinnte.	Nath fáthchiallach	https://www.gaois.ie/ga/idioms/4628265/
4628837	i gcochall a chéile	In adharca a chéile; in achrann argóna; plé theasaí.	Nath fáthchiallach	https://www.gaois.ie/ga/idioms/4628837/
4744023	i gcoinne an fhionnaidh	In aghaidh an tsrutha; in aghaidh nós na coitiantachta.	Fíornath	https://www.gaois.ie/ga/idioms/4744023/
4661997	i gcroí	Ionad neadaithe na mothúchán.	Nath fáthchiallach	https://www.gaois.ie/ga/idioms/4661997/
4823696	i láimh	Gafa; faoi smacht ag duine.	Nath fáthchiallach	https://www.gaois.ie/ga/idioms/4823696/
4585460	i mbéal	Ábhar cainte nó plé.	Nath fáthchiallach	https://www.gaois.ie/ga/idioms/4585460/
4689872	i mullach an chinn	Ualach a leagtar ar dhuine dá lomainneoin.	Fíornath	https://www.gaois.ie/ga/idioms/4689872/
4628639	i ndeireadh an anama	Spíonta; ar leac an bháis.	Nath fáthchiallach	https://www.gaois.ie/ga/idioms/4628639/
4630348	i súil	I dtuairim an duine sin; dar leis.	Nath fáthchiallach	https://www.gaois.ie/ga/idioms/4630348/
4923760	idir an dá shúil	Ag díriú ar dhuine nó ar rud go lom díreach.	Nath fáthchiallach	https://www.gaois.ie/ga/idioms/4923760/
4585520	idir lámha	Rud a bhíonn ar na bacáin, fós ar siúl ag duine.	Nath fáthchiallach	https://www.gaois.ie/ga/idioms/4585520/
5151628	in ainneoin a dhíchill bh	D''ainneoin a iarrachtaí ar fad.	Nath fáthchiallach	https://www.gaois.ie/ga/idioms/5151628/
4591111	in Éirinn	Áibhéil chun béim a chur ar a dtagann roimhe sa nath.	Nath fáthchiallach	https://www.gaois.ie/ga/idioms/4591111/
4588258	in íochtar ifrinn	An áit is cráite agus is ainnise ar eolas ag daoine.	Nath fáthchiallach	https://www.gaois.ie/ga/idioms/4588258/
4585569	in uachtar na bhflaitheas	An áit is aoibhne ar eolas ag daoine.	Nath fáthchiallach	https://www.gaois.ie/ga/idioms/4585569/
4744494	ina bhruíon chaorthainn	Argóint nó troid fhíochmhar.	Nath fáthchiallach	https://www.gaois.ie/ga/idioms/4744494/
4662167	ina mhála timpeall ar	Éadaí rómhór do dhuine.	Nath fáthchiallach	https://www.gaois.ie/ga/idioms/4662167/
4585529	ionadh a chroí	An-iontas ar dhuine.	Leathnath	https://www.gaois.ie/ga/idioms/4585529/
4659895	ionadh saoil	Rud suntasach ar fad; rud a chuireann alltacht ar aon duine.	Leathnath	https://www.gaois.ie/ga/idioms/4659895/
4668553	is cuma leis an domhan	Mar a chéile dó; easpa spéise ag duine i rud.	Leathnath	https://www.gaois.ie/ga/idioms/4668553/
5131631	is maith an áit a rabhais	Duine a mholadh go haer.	Fíornath	https://www.gaois.ie/ga/idioms/5131631/
4683020	is olc an beireatas é	Drochthoradh ar rud; toradh gan tairbhe.	Leathnath	https://www.gaois.ie/ga/idioms/4683020/
4628304	Lá an Luain	Go brách; go Lá an Bhrátha, Lá an Bhreithiúnais.	Fíornath	https://www.gaois.ie/ga/idioms/4628304/
4683254	Lá Philib an Chleite	Go brách; go Lá an Bhrátha, Lá an Bhreithiúnais.	Fíornath	https://www.gaois.ie/ga/idioms/4683254/
4642373	lámh a chur i	Do ladar a chur isteach i rud.	Nath fáthchiallach	https://www.gaois.ie/ga/idioms/4642373/
4585523	lámh is focal	Dearbhú sollúnta.	Fíornath	https://www.gaois.ie/ga/idioms/4585523/
4631254	lámh láidir	Foréigean; ansmacht a imirt ar dhuine nó ar phobal.	Leathnath	https://www.gaois.ie/ga/idioms/4631254/
4923176	lámha folmha	Easpa; gannchuid.	Leathnath	https://www.gaois.ie/ga/idioms/4923176/
4592355	lán a chroí de	Treise an mhothúcháin a chur in iúl.	Leathnath	https://www.gaois.ie/ga/idioms/4592355/
4940876	le haon chorp	Treise an mhothúcháin a chur in iúl.	Nath fáthchiallach	https://www.gaois.ie/ga/idioms/4940876/
4658804	le sála	Leanúint ghéar; dul ina dhiaidh.	Nath fáthchiallach	https://www.gaois.ie/ga/idioms/4658804/
4585562	le fuacht agus le fán	Imeacht ina bhochtán gan dídean; ag siúl roimhe.	Nath fáthchiallach	https://www.gaois.ie/ga/idioms/4585562/
4660008	leaba a bháis	I riocht bháis; ar an dé deiridh.	Leathnath	https://www.gaois.ie/ga/idioms/4660008/
4628298	leanbh ó aréir	Duine neamhurchóideach soineanta.	Nath fáthchiallach	https://www.gaois.ie/ga/idioms/4628298/
4585484	leathphingin rua	An tsuim airgid is lú.	Nath fáthchiallach	https://www.gaois.ie/ga/idioms/4585484/
5080013	lena chuid alluis agus le	Obair chrua; dianobair.	Nath fáthchiallach	https://www.gaois.ie/ga/idioms/5080013/
4585570	lúb ar lár	Dearmad nó easnamh.	Leathnath	https://www.gaois.ie/ga/idioms/4585570/
4629120	mac máthar	Oiread is duine amháin.	Nath fáthchiallach	https://www.gaois.ie/ga/idioms/4629120/
4629483	mac na míchomhairle	Seachránaí nó duine a mbíonn drochthionchar aige ar dhuine eile.	Nath fáthchiallach	https://www.gaois.ie/ga/idioms/4629483/
5086740	maidrín lathaí	Duine a dhéanann tláithíneach le boc mór; giolla turais; ag lútáil.	Nath fáthchiallach	https://www.gaois.ie/ga/idioms/5086740/
4628318	margadh an Luain	Drochmhargadh; margadh gan ádh gan amhantar.	Fíornath	https://www.gaois.ie/ga/idioms/4628318/
4585539	meáchan ribe	An rud is éadroime ar domhan (mar a bheadh brobh nó cleite).	Leathnath	https://www.gaois.ie/ga/idioms/4585539/
4643703	méar a bhualadh ar	Croílár ruda a aithint.	Nath fáthchiallach	https://www.gaois.ie/ga/idioms/4643703/
4947634	meascán mearaí ar	Mearbhall intinne; meadhrán.	Leathnath	https://www.gaois.ie/ga/idioms/4947634/
4631067	muc ar gach mala	Scamh nó gruig ar éadan duine le míshásamh.	Nath fáthchiallach	https://www.gaois.ie/ga/idioms/4631067/
4585522	muirín a dhá láimh	Ualach le hiompar ag duine; cúram a dhóthain idir lámha aige.	Leathnath	https://www.gaois.ie/ga/idioms/4585522/
4585554	ná codail ar an gcluais s	Gan an leagan sin den scéal a chreidiúint.	Nath fáthchiallach	https://www.gaois.ie/ga/idioms/4585554/
4585493	na cúig aird	Gach uile áit.	Fíornath	https://www.gaois.ie/ga/idioms/4585493/
4662488	na greamanna dubha a chur	Móideanna móra, rabhadh láidir a thabhairt do dhuine.	Fíornath	https://www.gaois.ie/ga/idioms/4662488/
4743598	na hoirc agus na hairc	Gealltanais thaibhsiúla.	Neamhfhocal sa nath	https://www.gaois.ie/ga/idioms/4743598/
4588311	na píobáin a bhaint as	Ag troid go fíochmhar.	Fíornath	https://www.gaois.ie/ga/idioms/4588311/
4591125	na trí phobal	An ceantar agus na daoine máguaird.	Nath fáthchiallach	https://www.gaois.ie/ga/idioms/4591125/
5086741	neach faoi ghrian	Duine ar bith.	Nath fáthchiallach	https://www.gaois.ie/ga/idioms/5086741/
4588193	néal codlata	Suan dá laghad.	Leathnath	https://www.gaois.ie/ga/idioms/4588193/
4585540	ní bhainfeadh an diabhal 	An ceann is fearr a fháil ar dhuine.	Nath fáthchiallach	https://www.gaois.ie/ga/idioms/4585540/
4585513	ní fheadar cos leis cad a	A bheith trína chéile; mearbhall a bheith ar dhuine.	Nath fáthchiallach	https://www.gaois.ie/ga/idioms/4585513/
4585558	ní fheadar den saol	Níl tuairim dá laghad aige.	Leathnath	https://www.gaois.ie/ga/idioms/4585558/
4585489	ní fiú biorán gan tóin 	Gan mórán luacha.	Nath fáthchiallach	https://www.gaois.ie/ga/idioms/4585489/
4631233	ní raghaidh aon chos de	Gan bogadh ó áit.	Leathnath	https://www.gaois.ie/ga/idioms/4631233/
4585518	ní stadann cos de	Siúl gan staonadh.	Leathnath	https://www.gaois.ie/ga/idioms/4585518/
5139324	níl spide fí ar	Duine tanaí; gan mórán meáchain air.	Fíornath	https://www.gaois.ie/ga/idioms/5139324/
4591540	nimh a shúl	Drochfhéachaint a thabhairt do dhuine.	Leathnath	https://www.gaois.ie/ga/idioms/4591540/
4662236	nua gach bia agus sean ga	Béile den chéad scoth.	Nath fáthchiallach	https://www.gaois.ie/ga/idioms/4662236/
4689312	nuair ba é toil Dé glaoch	Bás a fháil.	Nath fáthchiallach	https://www.gaois.ie/ga/idioms/4689312/
4644041	ó bhaithis go bonn	An corp ar fad; ó bhun go barr.	Nath fáthchiallach	https://www.gaois.ie/ga/idioms/4644041/
4938722	ó bharr go bun	An rud ar fad.	Nath fáthchiallach	https://www.gaois.ie/ga/idioms/4938722/
4630117	ó bhéal go béal	Scéala á scaipeadh.	Nath fáthchiallach	https://www.gaois.ie/ga/idioms/4630117/
4630693	ó cheann ceann de	Ó thosach go deireadh; an áit uile.	Nath fáthchiallach	https://www.gaois.ie/ga/idioms/4630693/
4652611	ó chraiceann amach	Gach a bhfuil ag duine a thabhairt uaidh.	Fíornath	https://www.gaois.ie/ga/idioms/4652611/
4585533	ó chroí	Le lántoil; go lom dáiríre.	Nath fáthchiallach	https://www.gaois.ie/ga/idioms/4585533/
5135282	ó chúig aird na naoi bhfi	Gan fhios, gan tuairim ar bith.	Nath fáthchiallach	https://www.gaois.ie/ga/idioms/5135282/
4585478	ó chúig cúigí na hÉireann	An tír uile; timpeall na tíre ar fad.	Nath fáthchiallach	https://www.gaois.ie/ga/idioms/4585478/
4942801	ó Dhomhnach Daoi go Tigh 	Achar mór; dhá áit i gcéin ó chéile.	Nath fáthchiallach	https://www.gaois.ie/ga/idioms/4942801/
4662581	ó dhubh go dubh	Ó mhaidin go hoíche; ó éirí go luí na gréine.	Nath fáthchiallach	https://www.gaois.ie/ga/idioms/4662581/
4628321	ó Luan go Satharn	An tseachtain ar fad.	Fíornath	https://www.gaois.ie/ga/idioms/4628321/
4938218	ó mhaidin go hoíche	An lá uile.	Nath fáthchiallach	https://www.gaois.ie/ga/idioms/4938218/
4661498	ó mhullach go talamh	Ó bhun go barr.	Nath fáthchiallach	https://www.gaois.ie/ga/idioms/4661498/
4585548	ó Shamhain go Bealtaine	Tréimhse fhada.	Fíornath	https://www.gaois.ie/ga/idioms/4585548/
4689488	ó thaobh taobh	Ó gach treo.	Nath fáthchiallach	https://www.gaois.ie/ga/idioms/4689488/
4941212	ó thigh an deamhain go ti	Ag dul ó dhroch-chás amháin go droch-chás eile; rogha an dá dhíogha.	Nath fáthchiallach	https://www.gaois.ie/ga/idioms/4941212/
4689251	obair theampaill	Obair fhadálach gan chríoch.	Fíornath	https://www.gaois.ie/ga/idioms/4689251/
5136091	ón gcliabhán	As a naíocht, as a óige.	Nath fáthchiallach	https://www.gaois.ie/ga/idioms/5136091/
4682955	óna bhéal agus faoina lái	Gealltanas i scríbhinn agus ó bhéal.	Nath fáthchiallach	https://www.gaois.ie/ga/idioms/4682955/
5136067	os cionn an chliabháin	An teanga a labhraítear sa teach; teanga an teaghlaigh	Nath fáthchiallach	https://www.gaois.ie/ga/idioms/5136067/
4668552	os comhair an domhain	Don saol mór.	Leathnath	https://www.gaois.ie/ga/idioms/4668552/
4585564	osna a bhaint ón gcloch	An croí is crua a bhogadh.	Nath fáthchiallach	https://www.gaois.ie/ga/idioms/4585564/
4661076	paidir ná cré	Bunmhíreanna an chreidimh.	Nath fáthchiallach	https://www.gaois.ie/ga/idioms/4661076/
4668554	pé ar domhan é	Ar aon nós; pé scéal é.	Leathnath	https://www.gaois.ie/ga/idioms/4668554/
4672127	pingin dheas	Go leor airgid.	Nath fáthchiallach	https://www.gaois.ie/ga/idioms/4672127/
4672142	póca trom	An-chuid airgid; saibhreas.	Nath fáthchiallach	https://www.gaois.ie/ga/idioms/4672142/
4585552	poll francaigh	An cúinne is lú; spás bídeach.	Nath fáthchiallach	https://www.gaois.ie/ga/idioms/4585552/
4923781	púicín a bhaint de	Daille; ceilt eolais nó eolas míchruinn.	Nath fáthchiallach	https://www.gaois.ie/ga/idioms/4923781/
4628956	púicín a chur ar	An fhírinne a cheilt; an dallamullóg a chur ar dhuine.	Nath fáthchiallach	https://www.gaois.ie/ga/idioms/4628956/
4744580	réabadh reilige	Léirscrios nó ár; treascairt uaigheanna.	Nath fáthchiallach	https://www.gaois.ie/ga/idioms/4744580/
4628226	rí ná rath ar	Dea-chríoch nó slacht ar bith.	Leathnath	https://www.gaois.ie/ga/idioms/4628226/
4923366	rian a chuid fola ar	Lorg an bháis a fhágáil ar phobal nó ar chultúr.	Leathnath	https://www.gaois.ie/ga/idioms/4923366/
5079606	rian a gcos	Lorg a fhágáil ar áit.	Leathnath	https://www.gaois.ie/ga/idioms/5079606/
4923813	rian a lámh ar	Lorg nó marc a fhágáil ar dhaoine.	Leathnath	https://www.gaois.ie/ga/idioms/4923813/
4743918	rith an ráis le	Bealach ar aghaidh gan bhac.	Nath fáthchiallach	https://www.gaois.ie/ga/idioms/4743918/
4628853	rith caillí le fána	Slí réidh rianta.	Fíornath	https://www.gaois.ie/ga/idioms/4628853/
4585481	rith mhadra an dá cháis	Ag dul anonn agus anall.	Fíornath	https://www.gaois.ie/ga/idioms/4585481/
4628111	rogha an dá dhíogha	An rogha is fearr de dhá dhrochrogha.	Leathnath	https://www.gaois.ie/ga/idioms/4628111/
4658965	rud a thabharfadh dealg	Tréith nó fírinne atá so-aimsithe, éasca teacht uirthi.	Fíornath	https://www.gaois.ie/ga/idioms/4658965/
4630028	scamall an bháis	Clóca duaircis ar áit.	Nath fáthchiallach	https://www.gaois.ie/ga/idioms/4630028/
4585491	scamall ar a cheann	Anó an tsaoil; donas anuas ar dhuine.	Leathnath	https://www.gaois.ie/ga/idioms/4585491/
4585503	scamall os comhair a shúl	Mearbhall ar dhuine; meadhrán i gceann duine.	Leathnath	https://www.gaois.ie/ga/idioms/4585503/
4630659	scáth a gcluas	Tearmann nó ionad dídine.	Fíornath	https://www.gaois.ie/ga/idioms/4630659/
4587678	scáth ná eagla	Easpa faitíos, scanraidh ar dhuine.	Leathnath	https://www.gaois.ie/ga/idioms/4587678/
4662199	scéal an chaipín deirg	Scéal fada gan puinn brí leis.	Fíornath	https://www.gaois.ie/ga/idioms/4662199/
4662183	scéal gan dath	Scéal nach gcreidtear; scéal gan dealramh.	Leathnath	https://www.gaois.ie/ga/idioms/4662183/
4941153	scéal ná duan	Tásc ná tuairisc.	Leathnath	https://www.gaois.ie/ga/idioms/4941153/
4592686	scéal scéil	Ráfla béil; clostrácht.	Nath fáthchiallach	https://www.gaois.ie/ga/idioms/4592686/
4689066	scéal thairis	Rud nach mbaineann le hábhar.	Fíornath	https://www.gaois.ie/ga/idioms/4689066/
4668134	sciot scot a dhéanamh de	Neamhní a dhéanamh de rud.	Leathnath	https://www.gaois.ie/ga/idioms/4668134/
4591526	seacht míle	Tamall fada; i bhfad.	Leathnath	https://www.gaois.ie/ga/idioms/4591526/
4585565	seacht n-oiread	Áibhéil chun méid mhór a chur in iúl.	Leathnath	https://www.gaois.ie/ga/idioms/4585565/
4588296	seacht n-uaire	Áibhéil chun méid mhór a chur in iúl.	Leathnath	https://www.gaois.ie/ga/idioms/4588296/
4585536	seasann a ghruaig	An-fhaitíos, scanradh ar dhuine.	Nath fáthchiallach	https://www.gaois.ie/ga/idioms/4585536/
4689160	seo agus siúd	Ní fios cad a dhéantar do dhuine.	Fíornath	https://www.gaois.ie/ga/idioms/4689160/
4660611	siar ná aniar ar an scéal	Ar an dá chuma; idir dhá chomhairle; cos thall agus cos abhus.	Nath fáthchiallach	https://www.gaois.ie/ga/idioms/4660611/
4585556	sna trithí dubha gáire	Sna harraingeacha ag gáire.	Leathnath	https://www.gaois.ie/ga/idioms/4585556/
4588026	soir siar	Scaipeadh ruda i ngach aon treo; deireadh a chur le rud.	Fíornath	https://www.gaois.ie/ga/idioms/4588026/
4744718	sparán na scillinge	Sparán lán le hairgead; duine a mbíonn airgead aige i gcónaí.	Nath fáthchiallach	https://www.gaois.ie/ga/idioms/4744718/
4585574	sparán teann	Sparán lán le hairgead; saibhreas.	Leathnath	https://www.gaois.ie/ga/idioms/4585574/
4728058	speach ná spionnadh	Easpa misnigh; go lag.	Nath fáthchiallach	https://www.gaois.ie/ga/idioms/4728058/
4585494	suas lena bhéal	Rud a rá go macánta, go díreach le duine.	Nath fáthchiallach	https://www.gaois.ie/ga/idioms/4585494/
4818380	suí suaimhnis	Scíth a ligean; sos a ghlacadh.	Leathnath	https://www.gaois.ie/ga/idioms/4818380/
4630470	súil ar shúil, fiacail ar	Díoltas a bhaint amach as éagóir nó as masla.	Nath fáthchiallach	https://www.gaois.ie/ga/idioms/4630470/
4892031	súile a oscailt	An fhírinne a nochtadh.	Nath fáthchiallach	https://www.gaois.ie/ga/idioms/4892031/
4683170	Tadhg an dá thaobh	Duine fealltach cluanach; duine liom leat.	Nath fáthchiallach	https://www.gaois.ie/ga/idioms/4683170/
4585504	taibhreamh na súl oscailt	An taibhreamh mar réaltacht.	Fíornath	https://www.gaois.ie/ga/idioms/4585504/
4660922	taobh síos suas agus tao	Droim ar ais; bun os cionn.	Nath fáthchiallach	https://www.gaois.ie/ga/idioms/4660922/
4627785	tásc ná tuairisc	Gan rian de rud nó de dhuine.	Nath fáthchiallach	https://www.gaois.ie/ga/idioms/4627785/
4744610	teach amhas	Teach gramaisce; teach garbh borb callóideach.	Fíornath	https://www.gaois.ie/ga/idioms/4744610/
4628996	teacht aniar aduaidh ar	Rud a tharlaíonn gan choinne; rud nach mbítear ag súil leis.	Nath fáthchiallach	https://www.gaois.ie/ga/idioms/4628996/
4585538	teanga a bheith bog	Sásta labhairt amach; dóthain cainte ag duine.	Nath fáthchiallach	https://www.gaois.ie/ga/idioms/4585538/
4652904	teanga liom leo	Duine fealltach; duine ag breith dá thaobh leis.	Fíornath	https://www.gaois.ie/ga/idioms/4652904/
4585563	teaspach dearg	Duine lán le fuinneamh; duine spleodrach.	Leathnath	https://www.gaois.ie/ga/idioms/4585563/
4660946	thall agus abhus	Gach áit; ar gach aon taobh.	Nath fáthchiallach	https://www.gaois.ie/ga/idioms/4660946/
4588047	thíos ná thuas	Aon áit in aon chor.	Nath fáthchiallach	https://www.gaois.ie/ga/idioms/4588047/
4588016	thoir thiar thall	I ngach uile áit.	Nath fáthchiallach	https://www.gaois.ie/ga/idioms/4588016/
4585502	tine chreasa ag teacht as	Ar buile; faghairt i súile duine.	Leathnath	https://www.gaois.ie/ga/idioms/4585502/
4817472	tinneas an Luain	Breoite i ndiaidh an óil; tinneas póite.	Leathnath	https://www.gaois.ie/ga/idioms/4817472/
5078886	titim i bhfeoil	Meáchan a chur suas.	Nath fáthchiallach	https://www.gaois.ie/ga/idioms/5078886/
4644334	tóin ná ceann a fháil ar	Gan chiall; gan bhun gan bharr.	Nath fáthchiallach	https://www.gaois.ie/ga/idioms/4644334/
4629886	trína chroí	Mothú fisiciúil nó mothálach a ghoileann go mór ar dhuine.	Nath fáthchiallach	https://www.gaois.ie/ga/idioms/4629886/
4585510	troscadh an chait cheannf	Troscadh bréagach; teanga liom leat.	Fíornath	https://www.gaois.ie/ga/idioms/4585510/
4585487	uisce faoi thalamh	Duine a bhíonn i mbun comhcheilge; caimiléireacht.	Nath fáthchiallach	https://www.gaois.ie/ga/idioms/4585487/
4682891	úll na haithne	Dúil mór ag duine i rud ach ní féidir é a fháil ar chúiseanna moráltachta nó neamhdhlíthiúla.	Fíornath	https://www.gaois.ie/ga/idioms/4682891/
